﻿<?xml version="1.0" encoding="utf-8" ?>
<c2eventsheet>
    <!--All the 'name' attributes are ignored by Construct 2 - they are there for readability only.-->
    <name>Level1</name>
    <events>
        <variable constant="0" name="ControlMenu" sid="323749915149326" static="0" type="number">0</variable>
        <event-block sid="408040625936303">
            <conditions>
                <condition id="-14" name="Compare variable" sid="359142938628621" type="System">
                    <param id="0" name="Variable">ControlMenu</param>
                    <param id="1" name="Comparison">0</param>
                    <param id="2" name="Value">0</param>
                </condition>
            </conditions>
            <actions>
                <action id="-4" name="Set layer visible" sid="311605437037827" type="System">
                    <param id="0" name="Layer">&quot;Layer Pause Menu&quot;</param>
                    <param id="1" name="Visibility">0</param>
                </action>
            </actions>
        </event-block>
        <event-block sid="326101603525638">
            <conditions>
                <condition id="-14" name="Compare variable" sid="687192516095989" type="System">
                    <param id="0" name="Variable">ControlMenu</param>
                    <param id="1" name="Comparison">0</param>
                    <param id="2" name="Value">1</param>
                </condition>
            </conditions>
            <actions>
                <action id="-4" name="Set layer visible" sid="539192888084115" type="System">
                    <param id="0" name="Layer">&quot;Layer Pause Menu&quot;</param>
                    <param id="1" name="Visibility">1</param>
                </action>
                <action id="-13" name="Set time scale" sid="914025626798916" type="System">
                    <param id="0" name="Time scale">0</param>
                </action>
            </actions>
        </event-block>
        <event-block sid="403548636067385">
            <conditions>
                <condition id="6" name="On object clicked" sid="572715582089015" type="Mouse">
                    <param id="0" name="Mouse button">0</param>
                    <param id="1" name="Click type">0</param>
                    <param id="2" name="Object clicked">BotaoPause</param>
                </condition>
            </conditions>
            <actions>
                <action id="-9" name="Set value" sid="504885824523018" type="System">
                    <param id="0" name="Variable">ControlMenu</param>
                    <param id="1" name="Value">1</param>
                </action>
            </actions>
        </event-block>
        <event-block sid="2112981413576327">
            <conditions>
                <condition id="-9" name="Layer is visible" sid="7907841494469316" type="System">
                    <param id="0" name="Layer">&quot;Layer Pause Menu&quot;</param>
                </condition>
            </conditions>
            <actions />
        </event-block>
        <event-block sid="4431399336260043">
            <conditions>
                <condition id="6" name="On object clicked" sid="6138856226106674" type="Mouse">
                    <param id="0" name="Mouse button">0</param>
                    <param id="1" name="Click type">0</param>
                    <param id="2" name="Object clicked">BoatoContinuar</param>
                </condition>
            </conditions>
            <actions>
                <action id="-9" name="Set value" sid="8507476714206025" type="System">
                    <param id="0" name="Variable">ControlMenu</param>
                    <param id="1" name="Value">0</param>
                </action>
            </actions>
        </event-block>
        <event-block sid="3426172847572606">
            <conditions>
                <condition id="6" name="On object clicked" sid="716972638794566" type="Mouse">
                    <param id="0" name="Mouse button">0</param>
                    <param id="1" name="Click type">0</param>
                    <param id="2" name="Object clicked">BotaoMenuPause</param>
                </condition>
            </conditions>
            <actions>
                <action id="-2" name="Go to layout" sid="5109861241410548" type="System">
                    <param id="0" name="Layout">MainMenu</param>
                </action>
            </actions>
        </event-block>
    </events>
</c2eventsheet>
