﻿<?xml version="1.0" encoding="utf-8" ?>
<c2eventsheet>
    <!--All the 'name' attributes are ignored by Construct 2 - they are there for readability only.-->
    <name>MainMenu</name>
    <events>
        <event-block sid="730561353150832">
            <conditions>
                <condition id="6" name="On object clicked" sid="571162951891601" type="Mouse">
                    <param id="0" name="Mouse button">0</param>
                    <param id="1" name="Click type">0</param>
                    <param id="2" name="Object clicked">BotaoJogar</param>
                </condition>
            </conditions>
            <actions>
                <action id="-2" name="Go to layout" sid="306320124941817" type="System">
                    <param id="0" name="Layout">Level1</param>
                </action>
            </actions>
        </event-block>
        <event-block sid="688405390793396">
            <conditions>
                <condition id="6" name="On object clicked" sid="854411048157929" type="Mouse">
                    <param id="0" name="Mouse button">0</param>
                    <param id="1" name="Click type">0</param>
                    <param id="2" name="Object clicked">BotaoCreditos</param>
                </condition>
            </conditions>
            <actions>
                <action id="-2" name="Go to layout" sid="859028302816004" type="System">
                    <param id="0" name="Layout">TelaCréditos</param>
                </action>
            </actions>
        </event-block>
        <event-block sid="866272044561176">
            <conditions>
                <condition id="6" name="On object clicked" sid="369983896018789" type="Mouse">
                    <param id="0" name="Mouse button">0</param>
                    <param id="1" name="Click type">0</param>
                    <param id="2" name="Object clicked">BotaoSair</param>
                </condition>
            </conditions>
            <actions>
                <action id="1" name="Close" sid="708257647601554" type="Browser" />
            </actions>
        </event-block>
    </events>
</c2eventsheet>
