﻿<?xml version="1.0" encoding="utf-8" ?>
<c2eventsheet>
    <!--All the 'name' attributes are ignored by Construct 2 - they are there for readability only.-->
    <name>Tela1</name>
    <events>
        <event-block sid="528533397000373">
            <conditions>
                <condition id="-7" name="Compare time" sid="806529629839684" type="System">
                    <param id="0" name="Comparison">0</param>
                    <param id="1" name="Time (seconds)">5.0</param>
                </condition>
            </conditions>
            <actions>
                <action id="-2" name="Go to layout" sid="868990252184475" type="System">
                    <param id="0" name="Layout">MainMenu</param>
                </action>
            </actions>
        </event-block>
    </events>
</c2eventsheet>
