﻿<?xml version="1.0" encoding="utf-8" ?>
<c2eventsheet>
    <!--All the 'name' attributes are ignored by Construct 2 - they are there for readability only.-->
    <name>TelaCréditos</name>
    <events>
        <event-block sid="111484557962462">
            <conditions>
                <condition id="6" name="On object clicked" sid="885875223420865" type="Mouse">
                    <param id="0" name="Mouse button">0</param>
                    <param id="1" name="Click type">0</param>
                    <param id="2" name="Object clicked">BotaoVoltarMenu</param>
                </condition>
            </conditions>
            <actions>
                <action id="-2" name="Go to layout" sid="105524912520925" type="System">
                    <param id="0" name="Layout">MainMenu</param>
                </action>
            </actions>
        </event-block>
    </events>
</c2eventsheet>
